Image,Id
00a4de95e.jpg,w_62bb54b
00e68dc59.jpg,w_bf33ddf
011258703.jpg,w_8be8406
0118a64b8.jpg,w_dd00c66
0165c60f3.jpg,w_deacb11
016aa69cf.jpg,w_f1cd92c
0187bfdff.jpg,w_a491df7
01f58bda4.jpg,w_d4211d9
0206722e5.jpg,w_5833b3d
0215715b6.jpg,w_b5c90a5
0225391f4.jpg,w_8d0d921
02568e465.jpg,w_26e4f44
025c1eb28.jpg,w_cf31c86
0260984e4.jpg,w_c379d78
026345181.jpg,w_2e4af64
0270cd806.jpg,w_5065c2b
028f11c08.jpg,w_55e0064
02b32cd35.jpg,w_fd9d727
02d30c6e4.jpg,w_10eece8
02f402c31.jpg,w_4175cb7
02fd77da4.jpg,w_715ceba
03325fea5.jpg,w_65dadc8
036ff6457.jpg,w_328e490
0370090ac.jpg,w_d240f68
037ce9282.jpg,w_f1d2902
038b08ba9.jpg,w_78bfd01
038b50a77.jpg,w_31d1d50
03a5587fe.jpg,w_ac26398
03be3723c.jpg,w_00b3dc2
03bfcbcf4.jpg,w_62e16d6
03ef35d6e.jpg,w_e0a42ad
03efb0fdb.jpg,w_178144f
04153ce6d.jpg,w_66e3287
045db6357.jpg,w_b992a50
049be1586.jpg,w_68311ed
0514e3099.jpg,w_3e34a5f
052426f5a.jpg,w_b6ddd17
053050f19.jpg,w_203042e
0545f65f0.jpg,w_ba62b79
054df30ea.jpg,w_eae91de
056b5e3d4.jpg,w_91f13fe
057cacebe.jpg,w_6823268
05da28fcb.jpg,w_391ef09
05db04583.jpg,w_6d527ff
05ed57e10.jpg,w_2df1d85
05ee04d0c.jpg,w_d89acf0
062699bef.jpg,w_1afff3f
06848f3e1.jpg,w_43312c4
068f9cdba.jpg,w_925bdf6
06b0680ea.jpg,w_3949bd6
06f05ed89.jpg,w_611e69e
07518729f.jpg,w_20ad973
0752633be.jpg,w_94a0d4e
077bb5704.jpg,w_66c5323
0786c0a3e.jpg,w_3d88ad4
0802733c0.jpg,w_0a6c4c7
08032bc2f.jpg,w_8a10a82
084bb194a.jpg,w_abeab1e
085f89e06.jpg,w_1f6de0b
0861956fb.jpg,w_1cb0ffc
08dba3391.jpg,w_2b979e6
093a44fa1.jpg,w_decd606
096a726fe.jpg,w_6e8c101
097bf717d.jpg,w_acf8fd1
0986ad02b.jpg,w_fe8e55c
09aa9e989.jpg,w_52db74a
09b6b855c.jpg,w_fe95c92
09c262ec7.jpg,w_6fed7c4
09c8e091e.jpg,w_477f7b1
09cacb84d.jpg,w_146208a
0a306deba.jpg,w_dbf7f76
0a725c184.jpg,w_2ca9282
0a81ae4d5.jpg,w_72afa97
0a8654171.jpg,w_7ac28dd
0a96a111c.jpg,w_3c4f583
0aa0e8f62.jpg,w_dfb57cc
0acfd79ff.jpg,w_32eaf54
0af1795aa.jpg,w_8ae65ef
0b0589067.jpg,w_ec77506
0b119a696.jpg,w_3263e72
0b515615f.jpg,w_d215a68
0b7cbf3f8.jpg,w_01e1fe0
0b8cde6cc.jpg,w_f011b98
0b91604a1.jpg,w_92c4ea5
0b9e0d549.jpg,w_abb3ee6
0ba0e60f3.jpg,w_ebb99e5
0bbf8f60a.jpg,w_0a4f5c9
0bd7ff74f.jpg,w_9c08fc2
0bda0c14f.jpg,w_c562eba
0bece9363.jpg,w_8aae94b
0bf8136cf.jpg,w_4e9b3a3
0c15936e3.jpg,w_21f1129
0c166f137.jpg,w_99d1f45
0c2adec98.jpg,w_c9628f2
0c44e92d7.jpg,w_de09116
0c669486f.jpg,w_7a97301
0c6e6c650.jpg,w_9ba6731
0c889701a.jpg,w_5072c08
0c8e28f04.jpg,w_b60e861
0ccbe8e34.jpg,w_3f5e8d7
0ccdbc26f.jpg,w_26aeb61
0cd6ece50.jpg,w_b3b887d
0d0cc5348.jpg,w_f4af291
0d27c7fc4.jpg,w_fcdda4c
0d3303311.jpg,w_9593412
0d4120480.jpg,w_3a333ae
0d4f5a252.jpg,w_88e4cbf
0d5d2ee8f.jpg,w_49ee8e0
0d6d90540.jpg,w_bdfd856
0d9289904.jpg,w_f7234f1
0db330bd2.jpg,w_d6d2e4f
0dec569d9.jpg,w_f9707a7
0df8959f0.jpg,w_d5e0aba
0e08019b3.jpg,w_ee318d3
0e569fb94.jpg,w_522e959
0e9be640a.jpg,w_6c2aa5f
0e9eed1ea.jpg,w_0f25e3c
0ea6086b5.jpg,w_25e04d9
0eae38cec.jpg,w_5591cd8
0ed0fe1e2.jpg,w_8b61e65
0ed83d79b.jpg,w_4df6c4b
0ed8ab393.jpg,w_e64d9d1
0ee33ee35.jpg,w_982f0b3
0f034a658.jpg,w_7ca2a9b
0f2507540.jpg,w_9de2647
0f37fe167.jpg,w_ea7bbc6
0f3b9236f.jpg,w_d64c2ec
0f5f01450.jpg,w_9e18daa
0f682c30e.jpg,w_e0b6a42
0f6a0a9c9.jpg,w_789e0e6
0f9321e2b.jpg,w_5031cac
0fdd4c11d.jpg,w_a48fa24
100f71902.jpg,w_f4f3715
101c3370f.jpg,w_686c0b3
10364d831.jpg,w_685d7a7
103df0621.jpg,w_3e59d84
107e32fb0.jpg,w_4d61be5
10833d613.jpg,w_a33d1c0
1092003e6.jpg,w_dd677ef
10a43b9ee.jpg,w_e014c37
10a5a6726.jpg,w_b26e855
10c3eb27b.jpg,w_072179d
10ca54f40.jpg,w_7fcf284
10d42c0ea.jpg,w_94595ec
10eca7cba.jpg,w_420dafb
1117b63b2.jpg,w_c7a8a7f
111c23c30.jpg,w_7d34a32
1155c7d7d.jpg,w_e329a65
116ea423c.jpg,w_fbebe60
1176ee54c.jpg,w_981075b
119680fc7.jpg,w_b0446cd
11b442a49.jpg,w_f39c242
11e907470.jpg,w_15d12c7
12037f781.jpg,w_78e6713
125ba1407.jpg,w_bde88d5
12ba2e96c.jpg,w_ed07656
12bd94457.jpg,w_f3179b3
12f1924ce.jpg,w_26923f7
13114c7c2.jpg,w_f3b6937
132020298.jpg,w_81aa796
1325bc22e.jpg,w_ebfbdda
1326bcb86.jpg,w_0ad1734
13538df68.jpg,w_8f65356
136aa5fcc.jpg,w_cd2d796
13811796a.jpg,w_491bdcb
13d0a4acb.jpg,w_3f213d5
13f7c41bb.jpg,w_d2b7856
1425eda17.jpg,w_53d6a5e
1448529dc.jpg,w_928ec6c
149f2e493.jpg,w_c014421
14eae0fe0.jpg,w_b535cbd
150f85dd0.jpg,w_916c746
15319a8bc.jpg,w_21a7dac
153cbe23b.jpg,w_a76f0b7
1558f8cbd.jpg,w_a548534
15784be1c.jpg,w_185bc11
1581bbfee.jpg,w_6dc5981
15b0a1013.jpg,w_4dcc907
15b58a61b.jpg,w_ce8906f
15d41d191.jpg,w_3214120
15e450941.jpg,w_fb9392c
15e95ba99.jpg,w_68465c0
160b2281d.jpg,w_7cd0b86
162d5f016.jpg,w_22e82fa
1645eb0f2.jpg,w_8305a19
16565e831.jpg,w_0d11fa9
165b8359a.jpg,w_5c57f77
167b920dc.jpg,w_fc6f897
1686f5d6a.jpg,w_aea4301
169fa54b4.jpg,w_39ea8fa
16ad4902c.jpg,w_4e33dc8
16b7f04a4.jpg,w_c0d8dcd
16d2e2213.jpg,w_5966e55
1711a41c2.jpg,w_be28cde
172ec7dfa.jpg,w_099bcbc
1738e0af6.jpg,w_4fa2f05
173b9760d.jpg,w_62ecd30
176fcdc3b.jpg,w_df6efd0
1770e38df.jpg,w_cd645e4
177c39e7a.jpg,w_1920193
179141ad3.jpg,w_733e9cc
17d2b9620.jpg,w_0a3255c
17f43bbf7.jpg,w_1483be2
1802f4d47.jpg,w_2652d72
182110c20.jpg,w_87ed7a9
1837eedd8.jpg,w_3ac9d34
1845b343b.jpg,w_4b5ade3
18f47a54f.jpg,w_c9ea055
1918072b7.jpg,w_e0f37d9
19196c95a.jpg,w_3b5aee2
1931d205a.jpg,w_7b703d1
193e7f071.jpg,w_3982e1e
19435150c.jpg,w_f2fd557
195e794a3.jpg,w_86d0c34
197851aa0.jpg,w_e3fb839
197cd3d46.jpg,w_fa11a3f
19ca41e81.jpg,w_0fedd59
19d20a1ae.jpg,w_0af3867
19d97f947.jpg,w_721e78f
19db55530.jpg,w_8fda8b2
19e4492be.jpg,w_d285a7a
1a34a0d37.jpg,w_c4f01e2
1a58291b0.jpg,w_dc94d80
1a61a7e4c.jpg,w_0d98e43
1a6329d4f.jpg,w_67fa427
1a7d55db5.jpg,w_0fdde23
1a7ef12a1.jpg,w_03ea6f9
1a9116d41.jpg,w_9f2fb13
1ac45f4f8.jpg,w_5e5fec6
1ad1d059b.jpg,w_94f4850
1af15177d.jpg,w_902d8ef
1af290928.jpg,w_9072933
1afb8e74a.jpg,w_7d06258
1b0de7bd9.jpg,w_1daae48
1b1f50d11.jpg,w_2856c57
1b20f74fb.jpg,w_7c718f4
1b5630372.jpg,w_b6de8e1
1b7d73582.jpg,w_dab2353
1b846a215.jpg,w_9cc2050
1c2536557.jpg,w_f16afc2
1c99ce3ee.jpg,w_84b1b28
1ca90ee57.jpg,w_3e6cee1
1cc7f239a.jpg,w_c2de607
1ceace1ef.jpg,w_63d6920
1d422d5a5.jpg,w_1257748
1da99f4bb.jpg,w_cbf576c
1dac2f0de.jpg,w_b785729
1db59151a.jpg,w_85a8d47
1dceb7173.jpg,w_f57fb81
1df439ae2.jpg,w_112d2f8
1e1d67bac.jpg,w_350bfd5
1e4e80b25.jpg,w_2902e69
1e592515e.jpg,w_be1dbc1
1ea4dca23.jpg,w_3c966be
1ead12359.jpg,w_b6863f6
1eb26eedd.jpg,w_1c55cc3
1eb6554f3.jpg,w_c063530
1ec170983.jpg,w_97074d8
1eeac4a32.jpg,w_72019ec
1f1db3d34.jpg,w_d3e4d19
1f2deb3f3.jpg,w_d4e9763
1f2eb3645.jpg,w_a69f0ee
1f3d3cdc6.jpg,w_f6a5edf
1f5c1c779.jpg,w_cffd90e
1f6cf9d4d.jpg,w_56e52fb
1f6ed9a25.jpg,w_09e51f8
1f806e712.jpg,w_9634512
1fa16d4d5.jpg,w_56ed74d
1fa7c4f43.jpg,w_61e4248
1feb8ffe6.jpg,w_b00d1a7
206e95493.jpg,w_d1c9d7e
209f4c620.jpg,w_3c254c1
20cd51a5c.jpg,w_80729eb
20e2893a4.jpg,w_428f3c0
2111c1e84.jpg,w_4e00a18
211e5804d.jpg,w_ce16eea
2124eac82.jpg,w_4554dcd
212ab04ec.jpg,w_0a0b4c6
212e1c0b5.jpg,w_ba3c7af
213111c2c.jpg,w_038e5c3
2164a6b45.jpg,w_b0d1046
21880d736.jpg,w_2852461
218c88d2a.jpg,w_ae70500
21bc29f7f.jpg,w_4524517
21cb5da88.jpg,w_f20333d
21cca731e.jpg,w_33aaa44
2200a312f.jpg,w_b747aeb
2203767de.jpg,w_64b2865
22114f1fc.jpg,w_1a874a6
222b5aa17.jpg,w_569ed76
222b9d0e1.jpg,w_72db52b
2237f85c0.jpg,w_9af8eba
223a7aeaa.jpg,w_888d8e3
226638edd.jpg,w_6bc4ce1
2267a0124.jpg,w_1d8d7c3
227283ca0.jpg,w_60795e6
2283cf5f2.jpg,w_ba8f93b
22bd8c6e8.jpg,w_8e58103
22d7dc6a3.jpg,w_a13c09d
22deb01fd.jpg,w_d1518b9
22ee17753.jpg,w_56fe328
2328a12b2.jpg,w_3a192ed
23434dd9d.jpg,w_36b59be
2344b768b.jpg,w_ddda4a4
235b21744.jpg,w_48cc590
236a4a447.jpg,w_700f301
23700b2e3.jpg,w_61d6612
23a0efe9d.jpg,w_7066887
23a1d2571.jpg,w_987fb30
23bb74336.jpg,w_67fa286
23deb0bd4.jpg,w_297e53a
2403fea84.jpg,w_98f16af
240995a47.jpg,w_33979b1
2415a3a7a.jpg,w_995bdbb
242213b95.jpg,w_5c2bc89
24554c576.jpg,w_527aa02
24812755a.jpg,w_9b6d9b7
24885f014.jpg,w_b919d77
248d3cd30.jpg,w_8b3e525
24d7394ac.jpg,w_ab6f34e
24ea2a49f.jpg,w_8a9e295
24f630359.jpg,w_34053b9
24fde45ed.jpg,w_4cc62b9
251c1238b.jpg,w_40dc8f2
2543a003c.jpg,w_027f528
254c8ef96.jpg,w_74192ac
254e1e0ef.jpg,w_7b07041
255d3a54a.jpg,w_81da9a5
25695de50.jpg,w_6465d75
256f8d966.jpg,w_6794f1e
263e7193a.jpg,w_e0ca4f5
2644d7cee.jpg,w_98bac23
268035bdb.jpg,w_e05e755
268daab14.jpg,w_fa52b0c
268dd91f9.jpg,w_3791ec3
26bda8d0d.jpg,w_98b6b97
26c51e759.jpg,w_7d8b00d
273cd5b1c.jpg,w_224bfc5
273f5e290.jpg,w_e5e6490
2742748b5.jpg,w_ad01432
2755155c7.jpg,w_fdceb44
279f72da9.jpg,w_d6d5928
27bbd5483.jpg,w_df487e8
27c97341f.jpg,w_34f5f2d
282b4fa2a.jpg,w_d5a4a41
284461502.jpg,w_3378e77
284497625.jpg,w_a5a002f
287b48783.jpg,w_b82bea9
28906db3d.jpg,w_0e93f25
289db623c.jpg,w_1d35a02
28a9cc561.jpg,w_3853f4b
2904bd9b1.jpg,w_b035775
29327ebb4.jpg,w_9d698cf
295768500.jpg,w_3c33b23
2978f6d63.jpg,w_08c7d09
297c63393.jpg,w_7957b08
297e5373f.jpg,w_ded330f
298352c9d.jpg,w_317ae6c
2990b5e8e.jpg,w_f527bd3
299fdf5ae.jpg,w_52162eb
29ad73b4d.jpg,w_867569a
29b8ba27d.jpg,w_795a6b8
29bc7f28d.jpg,w_68d1fb0
29c3db908.jpg,w_5ccee38
29fc6ff1c.jpg,w_af8df07
29ff6f6f6.jpg,w_b860053
2a2cf502d.jpg,w_73b6699
2a5f11848.jpg,w_2f4be30
2a7172f00.jpg,w_70db0cc
2a744ee56.jpg,w_ba668da
2ae368ab0.jpg,w_8279f22
2b1fd0038.jpg,w_750f1c8
2b2425e7d.jpg,w_99ce0ec
2b46aa026.jpg,w_8e1e84c
2b4a4e5f7.jpg,w_6f1f6b3
2b4bc58c0.jpg,w_529fa56
2b6f03c7a.jpg,w_74ada4e
2b824f113.jpg,w_6ee9b69
2bb72ceef.jpg,w_58be2b5
2bba1f275.jpg,w_c190aa8
2c1d459b0.jpg,w_a16169d
2c477acc3.jpg,w_ed5c855
2c63ff756.jpg,w_0066399
2c6aea279.jpg,w_3f0fd95
2c761417f.jpg,w_61f25ae
2c764940d.jpg,w_f50b00d
2c7cc00e9.jpg,w_3154c82
2c8d667d7.jpg,w_3bc2641
2cbcb4519.jpg,w_19c50fa
2cc6dcd4d.jpg,w_fd14088
2ce58b2b9.jpg,w_be6e58a
2d10a1bc0.jpg,w_dec9108
2d5b09af3.jpg,w_8b84ad0
2d607258a.jpg,w_59d1835
2d85accf7.jpg,w_49ae16f
2dc3f53ff.jpg,w_c4232a3
2dcb4f113.jpg,w_cdeac94
2e2dd5abb.jpg,w_5e939ca
2e3b584c3.jpg,w_b2a4769
2e4234265.jpg,w_c2677ee
2e7383da5.jpg,w_12fe3a8
2e9660607.jpg,w_2c0cfe8
2eb82a6b3.jpg,w_8ad632d
2ec44f5f7.jpg,w_3511bc7
2f2dbd7a8.jpg,w_051764c
2f66aac06.jpg,w_6755824
2f77dc5d7.jpg,w_82c744e
2f8e11cf6.jpg,w_e3056e9
2f90ad3e6.jpg,w_fd57399
2fc561d1b.jpg,w_7272aa5
2fe2cc5c0.jpg,w_0003c59
2ffa31138.jpg,w_72fc6e4
3008be490.jpg,w_bf46204
301653731.jpg,w_afdac76
301be5b59.jpg,w_94e110b
303c19e56.jpg,w_141a880
307a82f97.jpg,w_9c2f8e2
30d7c4c4a.jpg,w_ebcf899
30f077fcb.jpg,w_3af5f93
31260a3aa.jpg,w_a39b2e2
3153eb6f3.jpg,w_27fa393
3161bafbb.jpg,w_e8b0946
318683dec.jpg,w_e4ae199
31e11b546.jpg,w_a053ed9
31e1ed9fd.jpg,w_ca93339
31e63f107.jpg,w_eae7e41
32227428e.jpg,w_65e0628
323285df7.jpg,w_5d4c7fc
32618d9eb.jpg,w_01e1b97
326375b03.jpg,w_99d53a9
328a6ce32.jpg,w_6545943
329d81d6f.jpg,w_1f8621d
32a02e009.jpg,w_c170c5d
32a98e2cc.jpg,w_aa585b1
32d139ce1.jpg,w_a3e2d0f
32ef06d75.jpg,w_3180b48
3341fc105.jpg,w_4bbd0fd
33581ddc2.jpg,w_874b395
33ac269f9.jpg,w_effacfb
33d619cb1.jpg,w_1b8f126
342feeefa.jpg,w_7a083f7
3482a3f58.jpg,w_b4ac550
348bc0d3e.jpg,w_a24d7b7
34cc0dbcd.jpg,w_bab14fa
34e7f2ae9.jpg,w_580bfc3
34f3e506f.jpg,w_1b50676
350297c2e.jpg,w_cef8ce0
3523fd2e6.jpg,w_a17b628
353275c0f.jpg,w_1632c45
353ab7159.jpg,w_9d22d21
353e72b6c.jpg,w_fbcd329
354763ac1.jpg,w_1684cac
357db4850.jpg,w_0f5666b
358060b34.jpg,w_a8fcebc
35b439ecd.jpg,w_aebdb5f
35bf9d668.jpg,w_8153aa9
35c5b67f6.jpg,w_c928809
3606ea8b7.jpg,w_88b981e
368cfd705.jpg,w_30719c8
369ed0645.jpg,w_58bc953
36a1e4e76.jpg,w_bdd8ce5
36b9cc173.jpg,w_99545ba
36eb745e9.jpg,w_4dabdd3
36fab13fc.jpg,w_aa47677
3712c122f.jpg,w_0a357b7
3730fbbd6.jpg,w_a42c505
3745b5b50.jpg,w_0dfc1eb
377c13366.jpg,w_7ad1459
3781a4ec7.jpg,w_c4bb2c6
37cb212d7.jpg,w_8d99f99
37d93d87b.jpg,w_382262b
37dd8a2e2.jpg,w_7ce08e6
37eb500c0.jpg,w_4857351
37ef3a456.jpg,w_f73788a
380f34938.jpg,w_d31f7e6
38499689a.jpg,w_6fc9857
3854204e9.jpg,w_18aafe8
386fa5976.jpg,w_29c0caf
3878e629d.jpg,w_088cda7
38ba11e2f.jpg,w_6eed962
38d49de1f.jpg,w_76a76ca
38d6f7b59.jpg,w_5529f3b
38ddb3b6b.jpg,w_92cb156
38dfc1bee.jpg,w_f8dc1cc
38f15bcd6.jpg,w_935a516
3904b72b6.jpg,w_89e559b
3941141df.jpg,w_9fd6fe7
39b7459f0.jpg,w_80fc994
39c4dd04d.jpg,w_0926777
39efcb56b.jpg,w_36f91ad
39f7f67c5.jpg,w_ef62b09
3a0838a1e.jpg,w_6cf6bf4
3a0c56599.jpg,w_fc94e17
3a3561c5d.jpg,w_4a1b777
3a4a10fec.jpg,w_b874a6f
3a4fefb46.jpg,w_bf844e6
3a5cbe80a.jpg,w_13c9277
3a65b94ee.jpg,w_ff22dd7
3a7c489f1.jpg,w_2e9d1b5
3ab7a4fd1.jpg,w_84714f4
3abd9777b.jpg,w_08753b7
3aed6f137.jpg,w_4249f01
3b0f83dac.jpg,w_e2561dd
3b3f4178c.jpg,w_dc4c211
3b6015028.jpg,w_844b91e
3b6294a2e.jpg,w_291cba5
3b7460bd9.jpg,w_016f0ea
3b8a2f509.jpg,w_bee8a00
3bd2aedb9.jpg,w_139d19a
3c216cb93.jpg,w_7a232d3
3c3d65b40.jpg,w_e922901
3c8e569cd.jpg,w_f5aadde
3c99f9aef.jpg,w_c9d479f
3d1912b2d.jpg,w_b3e089d
3d28d1376.jpg,w_1eb67e3
3d30e1899.jpg,w_28f572d
3d338f95b.jpg,w_67a56b4
3d3c22340.jpg,w_090c08a
3dcca89ad.jpg,w_4df0da7
3de3f6e62.jpg,w_7250aef
3e2b870e5.jpg,w_f4314f3
3e46c8305.jpg,w_797b34c
3e56044c4.jpg,w_af294f7
3ee692b91.jpg,w_a79e4fc
3f07b568a.jpg,w_51c003e
3f0d0079d.jpg,w_d68c135
3f5108948.jpg,w_efcbb06
3f7f1be16.jpg,w_2c7deff
3f997e51b.jpg,w_8436e69
3f9ba6a7e.jpg,w_c17a2d4
3f9e859f2.jpg,w_69b046b
3fbe45915.jpg,w_71fa596
3fc5a14b5.jpg,w_eb31833
3fe72c718.jpg,w_ef30316
40487ee6c.jpg,w_4dbf0ad
407d2481c.jpg,w_1d7fd7d
407d399ef.jpg,w_83d10c1
40a195149.jpg,w_03a82c1
40aafb53b.jpg,w_35614d4
4115c1862.jpg,w_709907d
411ae328a.jpg,w_0032a46
4135b0ba4.jpg,w_7ae20cf
4189e84b0.jpg,w_b43d0fa
41b5e1974.jpg,w_aa756f0
425b445da.jpg,w_2e5ad54
4268fd0b3.jpg,w_056710d
426bd892f.jpg,w_0f00df0
42bf14e4a.jpg,w_e6faba8
42d89bf69.jpg,w_f56d155
42f6e891c.jpg,w_f28a7a2
432286f96.jpg,w_ae73598
4342132db.jpg,w_533fe25
434d8b99e.jpg,w_39c246e
4386ed654.jpg,w_308c7b6
438d44441.jpg,w_cc9dfb5
43a99d84d.jpg,w_9b25161
43add7caf.jpg,w_cfba5e0
43b1e4878.jpg,w_eee74c2
43b40b78f.jpg,w_91a2a20
448ae30f9.jpg,w_a3ce1d5
448dafcb8.jpg,w_51a60f0
449613a83.jpg,w_301f728
44b59a138.jpg,w_f035513
44f6d76ee.jpg,w_a6ef5a6
451ac8cf3.jpg,w_3ce8ffa
451d79995.jpg,w_1a31542
451ec5e5e.jpg,w_97146b3
452436a91.jpg,w_ecbd28f
45520022d.jpg,w_bd80cf2
45691873a.jpg,w_636aa5b
459782f58.jpg,w_13e8097
45a5e822c.jpg,w_ff6065f
45d3d859a.jpg,w_35756a2
45e8bd39e.jpg,w_6bee56d
460269ba1.jpg,w_1e81b43
4612ad132.jpg,w_a3eaca5
46190630a.jpg,w_1b00c27
462f42869.jpg,w_ebad318
4647e2016.jpg,w_bdb0a25
4664926dd.jpg,w_b570fe1
467f35baa.jpg,w_8d52508
46b094f40.jpg,w_705e466
46bf0f8fd.jpg,w_f449c3d
46eaab2ee.jpg,w_5af3b0a
471f52028.jpg,w_ae83866
472331489.jpg,w_a49508b
473d886ae.jpg,w_bdf9612
4759d4aea.jpg,w_34941d8
477539719.jpg,w_1b04c3c
4780ad614.jpg,w_6301785
47a93852a.jpg,w_06ffb30
47af8181e.jpg,w_21591ba
47f63a55d.jpg,w_9364343
482b48735.jpg,w_268addf
486abd9f0.jpg,w_a486bde
48a8aee44.jpg,w_9e5c031
48d126a41.jpg,w_2f5652a
48ef7da36.jpg,w_6d59878
490ba4bcc.jpg,w_8b03a7f
492f18f16.jpg,w_9bde64d
4933c18f2.jpg,w_04d1c8c
493e28d38.jpg,w_67dee15
49622cfeb.jpg,w_20baeef
49772a356.jpg,w_d3311fa
49b4e4b08.jpg,w_b1c5c0b
49cf95c56.jpg,w_3c58b68
49f457994.jpg,w_0abe9e7
4a6fcae83.jpg,w_a58d6d5
4a712216a.jpg,w_409747f
4a805569c.jpg,w_d658a66
4a884b424.jpg,w_c31e72f
4a9d68164.jpg,w_f5a7f03
4aa83508c.jpg,w_092d942
4ad108371.jpg,w_1b70f3f
4ad48bc03.jpg,w_21b94e3
4adc76d42.jpg,w_938ee78
4af02b0a1.jpg,w_e89442d
4b264a87e.jpg,w_7058149
4b42c3a1f.jpg,w_f0708c8
4b5384c9b.jpg,w_b385045
4b6a95627.jpg,w_0dfb4f6
4b6d31e29.jpg,w_2ef9c36
4b6d9813b.jpg,w_5781883
4b9b80d11.jpg,w_411325a
4ba00ea57.jpg,w_7c6e8f0
4bbdfcdd0.jpg,w_13ffdcf
4bee5bedd.jpg,w_43614bc
4bfb77747.jpg,w_181ab06
4c082fbdf.jpg,w_e31480f
4c0ca9d94.jpg,w_79cfcab
4c3b4b9dc.jpg,w_64cddcd
4c3eee218.jpg,w_f79ca64
4c5892713.jpg,w_5999d7a
4c658deef.jpg,w_782c71d
4c77a0e2b.jpg,w_c0c5cae
4c8bf48ff.jpg,w_7918564
4cfb91c32.jpg,w_e739a48
4d1f5dd87.jpg,w_e26e0fc
4d2290538.jpg,w_9094c50
4d293af6f.jpg,w_413933b
4d54fee74.jpg,w_5d36478
4d5a2a26a.jpg,w_57437ee
4d7807a96.jpg,w_2fdf4cb
4dd4d6c7b.jpg,w_36c8c0d
4dd81ac01.jpg,w_f1eb6cd
4dd9f1877.jpg,w_b1dbfd3
4e1b24d7b.jpg,w_dadaa2e
4e3c286a5.jpg,w_50193ae
4e5e465de.jpg,w_b5d72cb
4e8579625.jpg,w_d05827c
4e85fcdbe.jpg,w_1e99233
4ea6d48fe.jpg,w_51e0e04
4ed1353f4.jpg,w_6aca6f9
4ef95a62a.jpg,w_228c7ee
4efac1c0c.jpg,w_1ff410a
4f17c419b.jpg,w_7709151
4f4187123.jpg,w_2cd7341
4f633a473.jpg,w_ad7b758
4f63edddc.jpg,w_17be6f2
4f6ab3f1b.jpg,w_a112639
4f6e2c000.jpg,w_6c777a0
4f9b9b23c.jpg,w_0b7ce1e
4f9e0f37e.jpg,w_e8ab3c8
5006892bb.jpg,w_378bf61
5081cfdd8.jpg,w_4689352
50b8f3b0a.jpg,w_68df91a
50fc1d5bb.jpg,w_7ed8dac
5108219f9.jpg,w_68fc65d
5155d3f78.jpg,w_4735be5
51617dd46.jpg,w_b7ad0fb
517458de3.jpg,w_9e591f3
51803ecbc.jpg,w_89d9699
5182ad4fb.jpg,w_50f8a28
518aa17f3.jpg,w_db30d65
51d2dd610.jpg,w_05f8c99
51df9ed46.jpg,w_92ac4b2
51f188868.jpg,w_e5203ea
51f1e823b.jpg,w_ee05147
524708bcb.jpg,w_79843ce
52904ec9f.jpg,w_49e0d44
52c09de62.jpg,w_7203b68
530a1cc6d.jpg,w_e2d8b09
534ab659f.jpg,w_e2530bf
535f23a66.jpg,w_950c471
5373691d4.jpg,w_b4d0c14
53bb483de.jpg,w_d83d524
53cb1c9b1.jpg,w_b7ec7f8
53d84ff28.jpg,w_5d35047
53d9c8700.jpg,w_0e1eccb
540995755.jpg,w_ed1c5c2
541baf25f.jpg,w_d48dfda
541d9769e.jpg,w_5ce4848
5447bd0dc.jpg,w_afabbbc
544ac55be.jpg,w_e0f4a42
54744b67f.jpg,w_8947728
548c9b153.jpg,w_c59d4b1
548d6a5e4.jpg,w_b384a00
54a735803.jpg,w_105b860
54b4895f4.jpg,w_f201548
55159290a.jpg,w_c4e658b
554ca8e1a.jpg,w_b475feb
5554551e7.jpg,w_8694cb5
56157b7a9.jpg,w_b8f1666
56adf19dd.jpg,w_df3b4cf
56f8ef06d.jpg,w_f347577
575f8b348.jpg,w_260a2e7
576b8da7f.jpg,w_c87817e
578d7f0d9.jpg,w_a26cf66
57ab7d806.jpg,w_01ed442
57ae71b4c.jpg,w_90f0cd0
57c35256c.jpg,w_4982a49
57c7b4462.jpg,w_bd4c2f4
57dcabf9e.jpg,w_89948b1
57ec5c5bb.jpg,w_f573d1d
57fe2fa9e.jpg,w_b45ce21
5801a86e0.jpg,w_82de056
5803e5110.jpg,w_1da93f8
5831e0bef.jpg,w_ee64de3
586f60ab6.jpg,w_365b7ad
58715257b.jpg,w_e65664f
588012171.jpg,w_febd4fe
5884c7434.jpg,w_2b1b04e
58860af58.jpg,w_29cde7c
58cf4113a.jpg,w_a616378
592f030db.jpg,w_8ef9b33
5963f163c.jpg,w_292956e
5997c5756.jpg,w_5616581
59c2c8e2a.jpg,w_8ab401c
59d03644f.jpg,w_8fa8bef
5a04494a6.jpg,w_641df87
5a17f640b.jpg,w_3789389
5a51cf554.jpg,w_5fbbce9
5a74cafef.jpg,w_e78ecbc
5a8d368a7.jpg,w_6c2e008
5a8eb491b.jpg,w_df4b60a
5ac086036.jpg,w_ff94900
5ad662891.jpg,w_1870783
5ada96e96.jpg,w_776a885
5b0aebed1.jpg,w_a3cbe89
5b7860ae1.jpg,w_4f7eac5
5b80d137b.jpg,w_445cc76
5b85f4d32.jpg,w_c8f9c4b
5b93182a8.jpg,w_83eaf7e
5b963d4a4.jpg,w_5d8ee24
5bf0fb2bf.jpg,w_19dfa67
5bfd1da65.jpg,w_506ff2f
5c070aae8.jpg,w_5360e39
5c0ab92f6.jpg,w_8ed7a45
5c37940c1.jpg,w_fec4ddf
5c4bd8afe.jpg,w_167a348
5c4f42f42.jpg,w_be06898
5c679300c.jpg,w_4adb4e9
5cd98d5f6.jpg,w_175d6fa
5ce12807f.jpg,w_887c387
5ce9c4962.jpg,w_efaba3b
5cf0e6ebc.jpg,w_2b7f65a
5d190aaab.jpg,w_490d198
5d425bd02.jpg,w_0ac1b5f
5d6cae73e.jpg,w_d12e2eb
5da17a3a2.jpg,w_2497490
5db148dbc.jpg,w_d3d9c3c
5dddf0acf.jpg,w_3716cec
5dea14a9b.jpg,w_0bbc3cb
5e0382489.jpg,w_f15f7be
5e06a4960.jpg,w_b1e0959
5e07cbe1e.jpg,w_9714922
5e1824ac9.jpg,w_bafb1e8
5e2bc5dde.jpg,w_5ae831c
5e37a59b1.jpg,w_dff32c6
5e5cbb68e.jpg,w_7a320a3
5e90a7050.jpg,w_f339c6d
5ee8260ee.jpg,w_22a168a
5f6a07058.jpg,w_dcee281
5fa65bf31.jpg,w_171794e
5fb0f54e1.jpg,w_45e0e10
5fb476931.jpg,w_d51cb28
5fbd42392.jpg,w_eafeccd
5fc8150c1.jpg,w_2cdde18
5fda82afb.jpg,w_fae4be5
5fdbd71c1.jpg,w_a37815c
5fde7997e.jpg,w_596c806
5fecb32fa.jpg,w_64f4963
5ffd66cce.jpg,w_f493161
6011dcfba.jpg,w_7f1f285
604eb19e1.jpg,w_c616473
6065a1bb7.jpg,w_fa70157
607f203fb.jpg,w_329ec8b
60accb351.jpg,w_4951cb9
60b3a0e18.jpg,w_90a2cf7
60e87d35a.jpg,w_3dc1e42
612cc8f8b.jpg,w_377ef2c
61364fc83.jpg,w_10a4e10
614c6f9ae.jpg,w_685b8e1
61687fb90.jpg,w_6af9b02
6173ba6be.jpg,w_b4b2b67
61a53f99c.jpg,w_19410fe
61a859a5f.jpg,w_b019a50
61a9370f7.jpg,w_9e33316
61aae8f92.jpg,w_ce5c5eb
61b9d5919.jpg,w_a331c8b
620ba80c9.jpg,w_e66ac81
623cfacac.jpg,w_bc65e7f
6291afcde.jpg,w_a7806ad
62d13f54e.jpg,w_bb086fc
62d696b72.jpg,w_e0f635c
62de4cb59.jpg,w_0d54c55
62dea246b.jpg,w_1a9e018
62f5cfc08.jpg,w_24b5070
6300e67e0.jpg,w_ad6df15
630ae68a4.jpg,w_798f466
632399a6b.jpg,w_6caa59f
6338b21e0.jpg,w_b4cf4b1
633e00582.jpg,w_c5935ae
63549eec3.jpg,w_f5d4627
636215e53.jpg,w_fc6a5a2
637df85e0.jpg,w_1719d81
63a4f27b3.jpg,w_205708f
63b209824.jpg,w_49cd60d
63e7a8ffa.jpg,w_6441130
63f95a72d.jpg,w_781654e
63ff98c46.jpg,w_4640cdc
6404e5b70.jpg,w_ff7a4ae
643e86273.jpg,w_4ac8e76
6449aa341.jpg,w_015a4bf
64720b323.jpg,w_7b06e7e
6487646c0.jpg,w_eae373b
64a12e7f5.jpg,w_c18dafe
64aaf956a.jpg,w_0301302
64e58af46.jpg,w_fea5f70
64fac1e25.jpg,w_fb52b93
6535a602e.jpg,w_0b9cab4
6552c55d6.jpg,w_444b771
655abe9c9.jpg,w_365e82b
6598ec053.jpg,w_1d6a51b
65c1e9e71.jpg,w_a3bb16b
65c4b3c80.jpg,w_53b6917
65cf4d60d.jpg,w_f0d3b4f
65ef0b2da.jpg,w_cb0e8c2
6626f5a9a.jpg,w_d9c78ee
6639eff9c.jpg,w_9a2b01d
664de15b2.jpg,w_44e59c7
6662f0d1c.jpg,w_0115c24
6681af529.jpg,w_260b2ac
669f7709b.jpg,w_f7e29b4
669fea0d2.jpg,w_733a794
66a4259a2.jpg,w_22f46ab
66a471db7.jpg,w_c1bab16
66d444e7c.jpg,w_0a6e626
66dea01b1.jpg,w_6dedb5c
66eca2f37.jpg,w_2719f85
66f45c17b.jpg,w_289778b
6725210d4.jpg,w_f666bb4
673caefed.jpg,w_1fc4625
6746f2fd4.jpg,w_653dde1
6750e9bcb.jpg,w_db38863
67947e46b.jpg,w_00d5e98
67d050ff0.jpg,w_5ad1ac9
67dd2fe97.jpg,w_ccf1342
67e398df2.jpg,w_35f2f8d
68001292e.jpg,w_cfeb24b
68248e27f.jpg,w_2fc317c
682615036.jpg,w_a86c082
683128770.jpg,w_888a1ea
685cc25c3.jpg,w_c713416
687099f52.jpg,w_abd9d0b
687d945dc.jpg,w_c028816
688552c5a.jpg,w_f82777d
68a93e30b.jpg,w_c89981f
68ada06cc.jpg,w_702b2c4
68af8fb88.jpg,w_15b5df2
690f06dba.jpg,w_2c2e6b9
6925de81a.jpg,w_d063697
6954ee68b.jpg,w_f1b016e
697ff1808.jpg,w_d5bbfbc
6985b820f.jpg,w_d5c0064
6988cff00.jpg,w_6091feb
69d196ec0.jpg,w_036dbd0
69d7aaa4f.jpg,w_4ab6b16
69e463dc9.jpg,w_b003eb0
69ee33995.jpg,w_fb6fbcb
69ee68eda.jpg,w_448e190
69fa0337d.jpg,w_2570b49
6a065d8a7.jpg,w_409c63d
6a206337e.jpg,w_2dd6b62
6a22c9c31.jpg,w_832917d
6a28eed75.jpg,w_3d67c3b
6a28f4d47.jpg,w_58ddf90
6a54990f0.jpg,w_aa02b8b
6abb307ba.jpg,w_b39cbc8
6acfdfbb6.jpg,w_0e8341d
6b0e212e6.jpg,w_08d5864
6b29760e3.jpg,w_697c75f
6b2eadccd.jpg,w_f082806
6b3933a3a.jpg,w_e493834
6b7acbf59.jpg,w_905944f
6b94bc7a2.jpg,w_dce66a9
6baa750ef.jpg,w_ecad2c9
6bb7b0076.jpg,w_a33b6d6
6bd133ac9.jpg,w_c49a22d
6bd48019e.jpg,w_dd6dddf
6be8dc2f1.jpg,w_3ad0f37
6bf577c48.jpg,w_2e1416e
6c0f85f7e.jpg,w_66dd189
6c7617ed5.jpg,w_71f5c74
6c877c33e.jpg,w_03193e5
6ca0a6acb.jpg,w_e2fd1e1
6cbbb3ff3.jpg,w_e9ef5e9
6cbf5b4e1.jpg,w_62ff333
6cc34d347.jpg,w_3404de1
6ccfb24c9.jpg,w_a5e109b
6cd4d4f29.jpg,w_b0f07c7
6cdbd6291.jpg,w_47daed4
6cf8a08d1.jpg,w_1ca7433
6cf91fc57.jpg,w_0fe07b7
6d025bb93.jpg,w_555e037
6d091d583.jpg,w_97ec13c
6d22fb156.jpg,w_eaf9662
6d43a27f0.jpg,w_5db0eb7
6d5f9a710.jpg,w_d3e5689
6d6162fc3.jpg,w_bc57d81
6d63e8e73.jpg,w_3bf887a
6d6db5827.jpg,w_7a3f10d
6d7614d10.jpg,w_fd3a3f0
6dac33585.jpg,w_c49e344
6de9ee41b.jpg,w_be5ee58
6dfd06419.jpg,w_334d7eb
6e12e432b.jpg,w_20edfc3
6e33efbf2.jpg,w_10d9667
6e5ef452a.jpg,w_dd04e32
6e9393e9b.jpg,w_2759bb6
6eb466f59.jpg,w_45a768c
6ee4e7f28.jpg,w_2e5d992
6ef4bcb09.jpg,w_e008923
6f160235c.jpg,w_2fec5ea
6f3df50a3.jpg,w_d10cf66
6f74ba6a3.jpg,w_815a843
6f7ed1443.jpg,w_9583b7e
6f9c20106.jpg,w_a68cf64
6faae656b.jpg,w_cdf834e
6fb592166.jpg,w_257e223
6fbaa9b71.jpg,w_c057db0
700bc2bfc.jpg,w_1647882
701135c90.jpg,w_c8d05b6
7056562e7.jpg,w_0a1fcd6
7061a9528.jpg,w_ad880b8
707b977cf.jpg,w_7ec388a
709acdf4c.jpg,w_b8ee123
70bc22a3a.jpg,w_faab6df
70bcebe6a.jpg,w_ecd9cc4
70e55a82e.jpg,w_ec1eb03
70fd05275.jpg,w_8debfa9
710180b3f.jpg,w_c73e8e9
710235d1d.jpg,w_ee9db93
710897183.jpg,w_7b05eeb
7149b850e.jpg,w_b421d21
7160003c5.jpg,w_1a071a3
716d3d957.jpg,w_e8b2157
7171b73d6.jpg,w_9800d65
71a74dcb0.jpg,w_707ce0f
71c8dc22b.jpg,w_ebe9709
71cb0cd03.jpg,w_50f9d24
71d413398.jpg,w_d63c8d1
71dcf197d.jpg,w_28c1ced
72008f238.jpg,w_952c233
7201b3b68.jpg,w_144ecb6
721680cca.jpg,w_664a4bb
72182defa.jpg,w_ad2bb89
7277517f5.jpg,w_408835c
728ce1056.jpg,w_95f3c8e
729066282.jpg,w_c40419a
72f28d17e.jpg,w_7e70b7c
730fcc7f9.jpg,w_169253a
7373f47a8.jpg,w_17f5d1d
73eb4f775.jpg,w_ce44322
741f82f39.jpg,w_76fab39
7424374a2.jpg,w_65cc057
742708dfd.jpg,w_1ab568f
742921fe1.jpg,w_71ed685
74690f1cb.jpg,w_37d7c02
74a1472e9.jpg,w_f1acf49
74b09432a.jpg,w_1e3caae
74daec24e.jpg,w_7b6483e
74e4e85c9.jpg,w_1b70bda
757e97a72.jpg,w_8dd3f4a
758814b07.jpg,w_c380132
759af82bb.jpg,w_8ac1fd6
75d091573.jpg,w_faad2b1
75eac2125.jpg,w_fdfd867
7605c2a87.jpg,w_5234c83
760bdeb06.jpg,w_68ef337
763d96293.jpg,w_725bf15
7651a79d9.jpg,w_73e5b74
765787136.jpg,w_f94d9bb
770e535f5.jpg,w_f08d3f7
77104cc52.jpg,w_db491c8
7742e1ef6.jpg,w_2ac6611
7742e489f.jpg,w_2d3ef19
7770ea437.jpg,w_96dd362
779cc8aa7.jpg,w_59fb9d2
77b0e2b39.jpg,w_d44dfdc
77bcf8a3b.jpg,w_a94ea72
77d56f499.jpg,w_277d911
77dd4eaa6.jpg,w_398323d
77fef7f1a.jpg,w_00d5466
78316ff4e.jpg,w_6db266a
783ab83f7.jpg,w_cf18ab7
7858044e4.jpg,w_571cf6d
7861e836b.jpg,w_f6bae1a
789296c55.jpg,w_2757c07
7898ebb19.jpg,w_f11cbbc
78a2f24a8.jpg,w_3bfa4f8
78a83bd62.jpg,w_a763725
78c23677f.jpg,w_d06e2d0
7900ed59f.jpg,w_68a89b5
7920460fc.jpg,w_fbe3f59
793c2b982.jpg,w_9e020d1
795d7af33.jpg,w_f0a8b3e
795f6ce8a.jpg,w_99f5a1a
798898f4d.jpg,w_7c23d73
798e01420.jpg,w_2117e10
798e29af3.jpg,w_4be6d99
79e4901f6.jpg,w_2a1a012
7a00174e3.jpg,w_f2571bd
7a55d0eb5.jpg,w_f629616
7a7aa0154.jpg,w_a4a0867
7a923e7ae.jpg,w_01a1d88
7aab2fc29.jpg,w_276390d
7b3642983.jpg,w_310226c
7b41aff72.jpg,w_bace126
7b5e9b5f5.jpg,w_a4b73a0
7b704f229.jpg,w_b096c92
7b7245e49.jpg,w_1b5fd1b
7b75817db.jpg,w_3a4789b
7b77ab3f4.jpg,w_47e88ee
7b7a81d11.jpg,w_05fbf14
7b7bac81d.jpg,w_6e97efe
7b949f512.jpg,w_80dfb8e
7bafe88c7.jpg,w_cc07b1d
7bc1fd6ec.jpg,w_7bbf268
7bfd8ff4c.jpg,w_3217fd7
7c6ef2eca.jpg,w_35e991b
7c6f9f150.jpg,w_8daccba
7c7636c42.jpg,w_f40dfa0
7ca88012a.jpg,w_8d80478
7cbe516e9.jpg,w_232f528
7cc2ce528.jpg,w_26a55ed
7cc3fea16.jpg,w_50155e6
7cc6c9198.jpg,w_e026c82
7cfc88eaa.jpg,w_76586af
7d525b25c.jpg,w_98d1f63
7d622dfdc.jpg,w_b959a0d
7d626e319.jpg,w_a96ebe6
7d7704d8f.jpg,w_46e59f5
7d7b5a467.jpg,w_0e26d1a
7dad254c5.jpg,w_60c073b
7db069ada.jpg,w_7ef8a85
7dbc35b6c.jpg,w_fe0c54f
7df91b0d5.jpg,w_3ae4d85
7dff38c01.jpg,w_feb4051
7e2f90ca6.jpg,w_77d1d8a
7e40d3932.jpg,w_9614e63
7e62a61eb.jpg,w_06ec6e6
7efef280a.jpg,w_86ecf59
7f00a3cde.jpg,w_e885d82
7f0a6878e.jpg,w_b639aa6
7f33eb592.jpg,w_f05a1df
7f51387ab.jpg,w_3d7bc85
7f6d741ee.jpg,w_6c33987
7f75aae4a.jpg,w_17a4a41
7fa8ca1a9.jpg,w_a5a0a57
800163f3c.jpg,w_d4bc4ff
8004878e4.jpg,w_a8d79b6
8020deda4.jpg,w_438dd0b
8063d319b.jpg,w_19a0b30
80655da02.jpg,w_fd718fb
8076c28db.jpg,w_7f5d9fd
80cc82925.jpg,w_d803cef
811d674b4.jpg,w_119f570
8129cbbe5.jpg,w_971e2c5
813900489.jpg,w_b441850
8184ee91b.jpg,w_d9e7ed3
8198faa03.jpg,w_dcb4b9a
81a7ca703.jpg,w_bb7d9d5
81c7206a5.jpg,w_d1696f9
81ca646c4.jpg,w_88503f1
81de4c16a.jpg,w_8cd5c91
81ea304f0.jpg,w_85baa9d
820528460.jpg,w_d84afa9
821760206.jpg,w_349c277
82324be04.jpg,w_ceda389
8238624fb.jpg,w_d284505
8248f1414.jpg,w_742f7f5
824adc729.jpg,w_d4999d4
82531d590.jpg,w_af9b524
82537b5f1.jpg,w_2f8eda5
8262c7a59.jpg,w_595dbd3
826d2499c.jpg,w_0e2b483
82737e123.jpg,w_f78a4b1
8282e9b82.jpg,w_ead2fa6
829146b2f.jpg,w_86665cc
82b98331d.jpg,w_e29ed08
82d1badb4.jpg,w_a11932d
82e64ace5.jpg,w_f4605bf
82f3aa625.jpg,w_1f62b56
830ab6274.jpg,w_3a1969c
8334d8b8f.jpg,w_f1ec429
833675975.jpg,w_0003639
8342ed87c.jpg,w_fa887d3
839ba6fe4.jpg,w_36e5992
83b2ca5aa.jpg,w_49ce813
83b76c506.jpg,w_415f090
83d255ae8.jpg,w_9037ac5
83d6232f6.jpg,w_c5e8495
840dc86de.jpg,w_3c8b9ea
8423edfea.jpg,w_6ee9735
8465251e9.jpg,w_f10d0eb
846d384ba.jpg,w_d24ae04
847b16277.jpg,w_00a41ba
84b52ef1b.jpg,w_3cc7dc4
84db2e5de.jpg,w_1dd336a
851bf6d42.jpg,w_9387099
854e3bb31.jpg,w_1f1774e
855355189.jpg,w_3cde3ea
85700387a.jpg,w_07c946d
85791e8f6.jpg,w_31e1bc1
8593b5e71.jpg,w_c720f04
859a32a84.jpg,w_b3cf11e
859b503d4.jpg,w_fe8aee2
85a3a87fb.jpg,w_f0184c0
85b1e3339.jpg,w_0b4f7cf
85b20c974.jpg,w_0a8a451
85df81380.jpg,w_9ff0b7b
8614e8ede.jpg,w_1728040
861e243ec.jpg,w_a0c732f
86293ed4a.jpg,w_5bef7cb
86342e5f5.jpg,w_69cce86
86556a848.jpg,w_f737a6c
86574427e.jpg,w_7c21ab5
86a03d813.jpg,w_830b95a
86d724807.jpg,w_2f79ae3
86e32099b.jpg,w_5d438a9
86e9dc59a.jpg,w_dee1b17
870c50079.jpg,w_538cdf2
87355d40f.jpg,w_9a8c7dd
8763a9311.jpg,w_682897f
87c67c205.jpg,w_fed1938
87f6c0a15.jpg,w_527a019
87fc2e6d7.jpg,w_2f841ea
88094ad14.jpg,w_c5ed5fe
881803535.jpg,w_66639d4
885695db2.jpg,w_f18a3c9
88766032d.jpg,w_1106cbb
88809a435.jpg,w_0c7ab0d
888d0059e.jpg,w_867550f
88baeec3e.jpg,w_0ce537a
8911c5479.jpg,w_65a1bfa
89ab004e1.jpg,w_5515886
89cd386df.jpg,w_a92e68e
89ce58806.jpg,w_cda8eb8
8a305ad6d.jpg,w_f7ec202
8a462312f.jpg,w_24e9b5d
8a5d1a340.jpg,w_7e016f2
8a835d48a.jpg,w_2296421
8aaef0a4f.jpg,w_19bd11d
8b10db8af.jpg,w_2c5fe7e
8b12b2d79.jpg,w_ef7824d
8b3892ada.jpg,w_cb10f79
8b4441e20.jpg,w_1ee38d5
8b6306750.jpg,w_2980f85
8b8ed64d1.jpg,w_17338da
8bfba436b.jpg,w_b264d2a
8c00a4e94.jpg,w_d87f911
8c0f88b47.jpg,w_bbe90c0
8c190e02e.jpg,w_ef29036
8c22801c0.jpg,w_81b2e1e
8c2a01732.jpg,w_9c86f48
8c3270f6f.jpg,w_6187461
8c40013ef.jpg,w_4e88955
8c427b18b.jpg,w_ea40c36
8c6d7429c.jpg,w_cd28f56
8cb0c7b4c.jpg,w_c3ccec5
8cb1fdc56.jpg,w_e132302
8ce3a2673.jpg,w_d5874a4
8ce8e994f.jpg,w_ba01717
8d211402c.jpg,w_4bc3d74
8d3104193.jpg,w_3756834
8d4e650db.jpg,w_86fa148
8d65bcf21.jpg,w_d962e2b
8d9367049.jpg,w_52182de
8df9140af.jpg,w_5ff73b9
8e1b7c228.jpg,w_c27ee06
8e4785e87.jpg,w_8261f4d
8e4a22a2a.jpg,w_fc90f18
8e5f5120f.jpg,w_ecdef5e
8e79e8985.jpg,w_45a0a22
8ebdfc7d7.jpg,w_bc4da71
8ec3a46c1.jpg,w_34bd6f2
8edfb0f56.jpg,w_51052c2
8f236320b.jpg,w_e3e617e
8f50500ab.jpg,w_9f98ee1
8f947b924.jpg,w_0729126
8fb930dfe.jpg,w_e79fed4
8fce728cb.jpg,w_1ff111d
9021dc6ed.jpg,w_d2e4f28
902a16595.jpg,w_50260e7
904519e1c.jpg,w_50b08a9
904bbb036.jpg,w_519416c
90922e35c.jpg,w_911384a
90aec29ef.jpg,w_a684b05
90b33d79b.jpg,w_d0bf381
910e5eb23.jpg,w_7737f65
9143d600b.jpg,w_e20ff88
91773b5d0.jpg,w_55ef07b
918acfb2c.jpg,w_2e3e30d
91cf8090a.jpg,w_f347709
91da9dff1.jpg,w_7efe670
91f0b3f03.jpg,w_e33e588
920aeae6b.jpg,w_e5b21c0
922811b2a.jpg,w_5fcf350
924f21c5e.jpg,w_b09e884
9256f29e7.jpg,w_ef5851f
928a3e1b0.jpg,w_cdc55a8
92e39721a.jpg,w_d33bc7f
92ee0aeb0.jpg,w_a123aa1
92fda72d2.jpg,w_e9910d5
931925c49.jpg,w_85d152a
932b41e27.jpg,w_8cce8ce
933c75817.jpg,w_b10d81a
9376a9ea7.jpg,w_62f10a4
9389e3865.jpg,w_ff65f67
938f9390d.jpg,w_4e275ed
93909bfce.jpg,w_1bbc982
93fc50955.jpg,w_d9993ee
941ebcc5d.jpg,w_48b1730
944070b65.jpg,w_9e73e1b
946819099.jpg,w_5fa42d3
946d3c5b9.jpg,w_1a657fc
946e87f8d.jpg,w_3962169
9473fd838.jpg,w_e93b569
9477a12ce.jpg,w_8eb9c42
948053cc0.jpg,w_1a619db
949215648.jpg,w_1167daf
9495aa744.jpg,w_6d1f159
949688e67.jpg,w_73075b5
94bcbacdc.jpg,w_4a8467f
94f7db5af.jpg,w_54b631b
94ff9a10b.jpg,w_b230d25
9526cc327.jpg,w_ecf39ca
953f1de02.jpg,w_deb9471
9547adc94.jpg,w_abee142
9583c8f43.jpg,w_290399a
959d3d05b.jpg,w_a1a0090
95ab0a0cc.jpg,w_c06798f
95bec8576.jpg,w_e759cd6
95f4cd519.jpg,w_3c64b50
9630d422a.jpg,w_2c29146
96415a329.jpg,w_d1f7ea7
9651dbd34.jpg,w_51e91cb
9667c04c1.jpg,w_ede6c73
968703e67.jpg,w_cc849d4
96b4f5d03.jpg,w_f43d7eb
96fbb9e3e.jpg,w_2a7603f
97296ecb0.jpg,w_3c80f07
974ecafa3.jpg,w_f65a725
97968b5a2.jpg,w_4e626be
97d45c75a.jpg,w_bc511b5
97d4f732d.jpg,w_1bd2d91
97dfd6c45.jpg,w_3823d66
97f3dd6f7.jpg,w_350a5ba
9805e3ddd.jpg,w_5f31117
980607586.jpg,w_d2a35ca
981896788.jpg,w_7521a81
983c8077d.jpg,w_49d1bcd
985cc94d7.jpg,w_81ee2ec
9869e2d23.jpg,w_44fe688
986b31458.jpg,w_e568bb4
988dea855.jpg,w_4c47a31
98c45f783.jpg,w_08010cc
990e1946f.jpg,w_d3b6c6b
992015351.jpg,w_56276b3
994580e8f.jpg,w_48b6083
9959691cf.jpg,w_214e081
9963c8e02.jpg,w_02156b0
99689f0b2.jpg,w_7d9d014
99aed0b16.jpg,w_11ec829
9a3f6ffb8.jpg,w_4c7a435
9a4c4b4fd.jpg,w_b72dc3d
9a70bcc41.jpg,w_ed0ee85
9a75786ea.jpg,w_e5af4aa
9a9a3f31a.jpg,w_fd99c63
9ab04c2af.jpg,w_bab0057
9ae2b2b8a.jpg,w_05669fe
9b19663bb.jpg,w_b53bfb7
9b3487121.jpg,w_e49ade7
9b3ff8dff.jpg,w_e8aa833
9b689fdf1.jpg,w_a8f7906
9b723c7fe.jpg,w_51f03a3
9b92b5d0e.jpg,w_bde0cd0
9b9ae5d0a.jpg,w_a770c8f
9bb964cbf.jpg,w_2349681
9c23c051f.jpg,w_2103ca8
9c2439644.jpg,w_9dbdb42
9c436e2ac.jpg,w_2fdb049
9c9daf25e.jpg,w_7ec2c18
9cb2203fb.jpg,w_76e67dc
9cc2ac323.jpg,w_a687883
9d1b07fe9.jpg,w_1d9592f
9d2c4286a.jpg,w_75c7a82
9d34a4ac3.jpg,w_9d5968b
9d46e55cf.jpg,w_bca4304
9d47858b8.jpg,w_6906eed
9d612e1cf.jpg,w_7206ab2
9d67e0926.jpg,w_90a7b56
9d8560b5f.jpg,w_e21b25f
9d9092283.jpg,w_9728637
9db643706.jpg,w_c76f8f4
9dc62f9e6.jpg,w_6f927a1
9dd320bb3.jpg,w_ffa6d42
9e0dcbfaa.jpg,w_38b8bda
9e6ea7e26.jpg,w_54abcc3
9e8984392.jpg,w_17fef9b
9ea2c58a7.jpg,w_d15d8c5
9ec671a4b.jpg,w_2a0e817
9ee24c7c6.jpg,w_2d5492b
9ef037258.jpg,w_2e35d7c
9f237ce75.jpg,w_e65051b
9f4c7b9c9.jpg,w_4096187
9f5a20d16.jpg,w_a8a6e1f
9f7b01613.jpg,w_0e34e76
9f8432c64.jpg,w_e1af623
9f85d6a1a.jpg,w_9eb9853
9fc5c5b92.jpg,w_0da9a8f
9fe108826.jpg,w_bafa095
9fe9f3547.jpg,w_7e07b6a
9ffd7469b.jpg,w_c0a6881
a06f6b996.jpg,w_a1e3bc9
a080e26e7.jpg,w_db2d591
a094fabb8.jpg,w_30a7b3f
a09796d75.jpg,w_f3887f1
a09a8273f.jpg,w_70fc054
a0af59672.jpg,w_3040ecd
a0b294a99.jpg,w_0e2a5bd
a0b6c5d43.jpg,w_9cea9cf
a0b6fed78.jpg,w_a421b77
a0dfa7a15.jpg,w_b870e44
a0eb77012.jpg,w_17d6235
a0f4078b6.jpg,w_0aed03f
a0fad163b.jpg,w_6f74177
a104c738e.jpg,w_8c56684
a1833a7e8.jpg,w_450878a
a187fcd0b.jpg,w_89773ab
a1a1686f4.jpg,w_efc5e07
a1b6a8239.jpg,w_94ea240
a20b60095.jpg,w_cd9dec7
a22cf5212.jpg,w_c69c9be
a237f5881.jpg,w_9696e76
a24fc7e55.jpg,w_db96784
a2d47741b.jpg,w_93fcf89
a2e039c8d.jpg,w_093ea58
a3011ef0f.jpg,w_06150e1
a30a77e58.jpg,w_6448cab
a33fd1af6.jpg,w_668c588
a352c6bf2.jpg,w_9078d11
a363983c8.jpg,w_da2cf74
a36a982a0.jpg,w_74b748b
a3bf39cff.jpg,w_939a3c7
a3c8a31b2.jpg,w_5313587
a3e341b0e.jpg,w_09c737d
a4281d4db.jpg,w_ecc8d6c
a44146e79.jpg,w_f009245
a455b4d73.jpg,w_7404271
a47334487.jpg,w_96f893b
a485ec1d3.jpg,w_dfe2ab5
a49aead12.jpg,w_3384715
a4a649165.jpg,w_a27f93b
a4a74507c.jpg,w_b919aad
a4d1000c4.jpg,w_095e3eb
a507ab029.jpg,w_7d28b7b
a51759821.jpg,w_d3cb902
a52530551.jpg,w_510f3ee
a537ee86f.jpg,w_c62ac72
a54b6b87e.jpg,w_a915a6f
a58954849.jpg,w_408f9ea
a5aef8a12.jpg,w_6fe3566
a5c9d1f81.jpg,w_1ff1582
a5d9e12ce.jpg,w_15b5eb1
a5eac50c0.jpg,w_948268e
a5f4e248b.jpg,w_d786f52
a60df461d.jpg,w_ee76222
a61a7cbf1.jpg,w_2efa6ab
a62476465.jpg,w_f4fae33
a63500072.jpg,w_b4ab5b5
a63b9e2e8.jpg,w_6b51160
a64f9f625.jpg,w_261878d
a6c7f4c62.jpg,w_fe9eac7
a6cbc9379.jpg,w_bd06bf9
a6e8a96a7.jpg,w_29d806a
a72868b34.jpg,w_a54ea89
a7691de73.jpg,w_7b92cc8
a76a7e4da.jpg,w_2597710
a80e77380.jpg,w_2e45865
a80f0510d.jpg,w_c405fe4
a81554894.jpg,w_18645ff
a825408b3.jpg,w_c640984
a828796ac.jpg,w_bf39602
a838f4683.jpg,w_e3ceadb
a86f292be.jpg,w_59f2171
a87e7f75c.jpg,w_118a4a4
a8aa7167b.jpg,w_8dfedae
a8afe1f9d.jpg,w_eadfd82
a8d28b190.jpg,w_2f702db
a8da99e4a.jpg,w_fd6b0da
a8f15b454.jpg,w_8b05f21
a912d3302.jpg,w_056913a
a91524533.jpg,w_f3cf672
a928926f0.jpg,w_10f4afc
a937ce8af.jpg,w_5d9f814
a9428820f.jpg,w_b60f441
a94584de8.jpg,w_e56d7b2
a968a1f70.jpg,w_d976668
a9a331a7d.jpg,w_2ad05e9
a9c714fe8.jpg,w_bd25728
a9d1a9ec2.jpg,w_0823d50
a9d667a5d.jpg,w_a3b1a48
aa1843a63.jpg,w_73d22c4
aa1a745f2.jpg,w_1da3327
aaa30c99e.jpg,w_931b78f
aab809617.jpg,w_2e9ed59
aaf9a3443.jpg,w_46a38a6
ab16d20c1.jpg,w_0d77f32
ab5c83edd.jpg,w_790fe92
ab64c33d8.jpg,w_6172f4a
ab6f8bddd.jpg,w_4f62735
ab7f9d319.jpg,w_7d55653
abca0c3b1.jpg,w_925332d
abeb1cad6.jpg,w_dadc1a5
abf07a928.jpg,w_1286f9e
abf304ace.jpg,w_d869993
abfd278f2.jpg,w_ce8aa12
ac1914bed.jpg,w_39f3e3a
ac4ea59a9.jpg,w_fa84489
ac74d10cb.jpg,w_7ea6bf2
ac8319be9.jpg,w_e7699fa
ac833887c.jpg,w_45e98c0
aceee3e1e.jpg,w_c1acf72
acfae6623.jpg,w_4f44a61
ad0a9f093.jpg,w_303a3c4
ad1c2ab6b.jpg,w_a84be0c
ad49b5a6f.jpg,w_c097a16
ad8867e2d.jpg,w_a69ac05
adc02754e.jpg,w_f87bc93
adea972f8.jpg,w_04738c8
ae33cc43f.jpg,w_b51e6f6
ae423d689.jpg,w_124a3cb
ae5f8dc8b.jpg,w_118fad5
ae8897f8d.jpg,w_b74c24a
ae923f461.jpg,w_4b815d3
ae95ccfad.jpg,w_02d5c46
aeafb0118.jpg,w_b2341d4
aeb87b643.jpg,w_aae547d
aebf441b2.jpg,w_e101093
aec907ad2.jpg,w_048bc73
aeeda8a94.jpg,w_4f14413
af72e079e.jpg,w_6da5a82
afae8c107.jpg,w_1f7e291
afb2c68e3.jpg,w_bf2ee79
afe2c5643.jpg,w_704a8a1
b0107089f.jpg,w_6ab76e6
b01eda7c4.jpg,w_ebddbfb
b02225aec.jpg,w_944ac4f
b025622dc.jpg,w_ce59977
b02776dad.jpg,w_0f86e70
b031b4bc5.jpg,w_20930e7
b042a4bf8.jpg,w_3635d34
b0ab28996.jpg,w_d6666c9
b0b1bf031.jpg,w_2f2c0d6
b0cd77483.jpg,w_84343d7
b15d435df.jpg,w_702f2a0
b16655e25.jpg,w_c5afe0e
b18223cfa.jpg,w_94dcd2b
b19b8e4e5.jpg,w_9ce3725
b1c4bf541.jpg,w_9164e9a
b1d9a6bfd.jpg,w_6f62459
b20559344.jpg,w_ff3efba
b2286e113.jpg,w_9786485
b22d4799a.jpg,w_82e5785
b23c417ec.jpg,w_d64a9fa
b279dd51b.jpg,w_927dcdc
b2c960b3f.jpg,w_bbf0c38
b2cabd9d8.jpg,w_002c810
b2d99b612.jpg,w_573d141
b2db62b94.jpg,w_c650bde
b36f1c2af.jpg,w_bfb6262
b37bb22c9.jpg,w_755fc10
b3df1fd33.jpg,w_6943d6f
b3e489429.jpg,w_35b5c5d
b426dfbdd.jpg,w_16a13bb
b4614f17f.jpg,w_54ea24d
b46d007cf.jpg,w_06fb64a
b4b3d2ba1.jpg,w_e1b8378
b4d5a2d16.jpg,w_e244fc3
b4e03226d.jpg,w_06e6d5f
b4e246432.jpg,w_ab643d1
b4fe9eb43.jpg,w_3f5eda7
b51330e50.jpg,w_d609d41
b53b3ec9f.jpg,w_675d7d7
b553a216e.jpg,w_1fc42e2
b56ac40fc.jpg,w_aae50c8
b576308d0.jpg,w_06de0a6
b58216f58.jpg,w_adcaf2a
b5bcf8c0f.jpg,w_8dc893c
b5c6f3736.jpg,w_b0ffd3b
b5fe64ae3.jpg,w_3f6f934
b62211eea.jpg,w_cfdd1c0
b69b7f74b.jpg,w_c4ebf9e
b6b7548f2.jpg,w_775504f
b6bfd09f1.jpg,w_1d6a9f7
b6f3b7b5d.jpg,w_6e0e2ae
b6fcd8e99.jpg,w_cdb8e7f
b73d29946.jpg,w_f4d8d01
b75535633.jpg,w_62db660
b77d8addb.jpg,w_ef74616
b78166d12.jpg,w_90df70c
b78968d98.jpg,w_4953900
b791352d9.jpg,w_0f8ab07
b7a1be401.jpg,w_115e880
b7a4cc133.jpg,w_922e139
b7a863092.jpg,w_efc261b
b7d1b92cd.jpg,w_5801869
b7e517743.jpg,w_e53ba4a
b7f4fd493.jpg,w_424b5fd
b83e86d81.jpg,w_2c0f96c
b86144688.jpg,w_a6125c4
b8743b80c.jpg,w_3ff6d0e
b8a9993be.jpg,w_3d1f606
b8afa1c42.jpg,w_086f404
b8b60af7f.jpg,w_dc97eed
b95ab2d08.jpg,w_a404c77
b97a5a5a5.jpg,w_8ea0c7d
b99c8c2a4.jpg,w_5f39ad8
b9bcaa1a4.jpg,w_07019f4
b9df801fb.jpg,w_ae1634e
b9f6f18b9.jpg,w_dfdfeeb
ba3627b84.jpg,w_64062df
ba42eaf2c.jpg,w_f812227
ba42ec7b5.jpg,w_9af8493
ba47fa3ff.jpg,w_8092ea7
ba4f4b6ee.jpg,w_2843a30
ba54fd820.jpg,w_b1ea71c
ba75245b6.jpg,w_5365497
ba77b41f2.jpg,w_5910d78
ba8aefd8e.jpg,w_90e9447
bad53671c.jpg,w_2330989
bae8fa0ce.jpg,w_5f6f211
bafde6728.jpg,w_f24a2de
bb01bcda7.jpg,w_1e3b8e8
bb3cc803b.jpg,w_3476b19
bb6bb85fd.jpg,w_06292cd
bbb89bfb0.jpg,w_f353d69
bc13ae457.jpg,w_a44a9b2
bc4a5959f.jpg,w_e39f7d5
bc52440b1.jpg,w_871decc
bc55ab9b3.jpg,w_6e305f5
bc5dc4f31.jpg,w_01d790e
bc6059144.jpg,w_ded2682
bc9d6446e.jpg,w_6fa469c
bca302c5c.jpg,w_6dce358
bd0b6d1dc.jpg,w_27aa28c
bd2df78d4.jpg,w_919f33b
bd425d51a.jpg,w_3d72a96
bd53f2e57.jpg,w_c9fbac4
bd7549353.jpg,w_2623b69
bd97696ad.jpg,w_2ed1e39
bdf1023cb.jpg,w_cc86d58
be005035c.jpg,w_b200738
be009cdac.jpg,w_7dd1222
be129640d.jpg,w_cff7fde
be1956309.jpg,w_db602dc
be36659b0.jpg,w_082f603
be676198a.jpg,w_ed2b6f5
be8eacdd5.jpg,w_41d5251
beb5bca65.jpg,w_75df747
beb71191e.jpg,w_78cfcbf
bf1a169ba.jpg,w_bd73f1d
bf83c81d7.jpg,w_7085ad6
bfb227655.jpg,w_082978e
bfce38993.jpg,w_6b90e54
bfd7762ab.jpg,w_a60f405
bfe4b9d1d.jpg,w_9664ca8
bfe973be0.jpg,w_9852689
c007e9745.jpg,w_81c7c90
c02f3c4f4.jpg,w_4e902c2
c08466077.jpg,w_05eb863
c0b557762.jpg,w_b012783
c0d3ffc98.jpg,w_1f8c439
c0e4ee9c5.jpg,w_3e5a926
c0e81d775.jpg,w_4d96d06
c0eafb685.jpg,w_67e9aa8
c13aef1b3.jpg,w_bc2369c
c1690cfd7.jpg,w_a415092
c1a0111de.jpg,w_683af30
c1d9fefdf.jpg,w_4370f94
c1e3a34bf.jpg,w_11ce746
c1f013e2c.jpg,w_f784bac
c2255a449.jpg,w_b78835b
c252e761e.jpg,w_3518604
c29becd47.jpg,w_d18083c
c2a482837.jpg,w_fae5d67
c2af402fc.jpg,w_6e77fd0
c2ce9d2a4.jpg,w_529b41b
c30e50acc.jpg,w_2592960
c39b5f1a9.jpg,w_af493e1
c3c4e0208.jpg,w_3514a84
c419f628e.jpg,w_401f5a1
c492e573d.jpg,w_a8ebc69
c494d438a.jpg,w_3f567ce
c4c370da8.jpg,w_dd4cd65
c4c61b4c7.jpg,w_6c4a986
c4cc29c3f.jpg,w_8e174c4
c4d32cf5a.jpg,w_1f78a1e
c521e1003.jpg,w_06f3291
c52f4555c.jpg,w_6d8519e
c531d3056.jpg,w_e01be7a
c588dfa8a.jpg,w_cafaa6f
c5dbd96cf.jpg,w_fee1e3e
c61357363.jpg,w_57733e3
c63a2c91a.jpg,w_6b28b1c
c640661f3.jpg,w_d3e3b56
c67410325.jpg,w_2409871
c68863230.jpg,w_dccbb2e
c6b38492e.jpg,w_310a26b
c6d750a75.jpg,w_357617e
c7019c19b.jpg,w_2de1c5c
c71118059.jpg,w_c1c5512
c74553589.jpg,w_0140c92
c75ee38f0.jpg,w_7781e53
c76ea79cb.jpg,w_651236e
c784d2641.jpg,w_9ac40d5
c7977e6c7.jpg,w_55782b0
c7b539695.jpg,w_ce66f9a
c7c1c30f9.jpg,w_bbe79c3
c7d49fdb4.jpg,w_bfd6858
c81fb4f12.jpg,w_84df97b
c84c01fb0.jpg,w_24b2561
c894f2784.jpg,w_a67b4e6
c8a5ab55c.jpg,w_523fb3a
c8ae4633a.jpg,w_a4d8d43
c8c145130.jpg,w_d108da5
c8d00690c.jpg,w_8d8d839
c9053e6cc.jpg,w_4e01dd9
c9092c579.jpg,w_1efb6fa
c91ccffbb.jpg,w_b8b8383
c930a3c1a.jpg,w_074a5ba
c93a14bed.jpg,w_4797776
c96f81333.jpg,w_197979e
c98861273.jpg,w_36fdacd
c99a13cad.jpg,w_9d59121
c9c8ca3a7.jpg,w_56d8530
c9e4f6d41.jpg,w_3d7dbf1
ca1895a91.jpg,w_2136d08
ca195e214.jpg,w_a1756d9
ca48da196.jpg,w_ab8af2b
ca7fe267d.jpg,w_3b50da5
cabf7a008.jpg,w_aec2b6d
cad69d8fc.jpg,w_1faf1e4
cad6e1d9d.jpg,w_69efdbe
cb018d425.jpg,w_aee06ab
cb2c938b5.jpg,w_38e4345
cb30ba8eb.jpg,w_ed2e7d6
cb7516d54.jpg,w_103aca2
cbd50718b.jpg,w_ae09e99
cbdf21146.jpg,w_e038ff1
cbf9bc798.jpg,w_15f43ea
cc326ba3b.jpg,w_283ceeb
cc4af1fc1.jpg,w_38fc953
cc5a5f45b.jpg,w_4bd850b
cc7e9bbba.jpg,w_cbeade6
cc8a4ae67.jpg,w_c554b6f
cc93d6f1a.jpg,w_dec3c84
ccce54da6.jpg,w_d055e5f
cd14c3a72.jpg,w_dd18ea8
cd18db210.jpg,w_0c76e03
cd598b557.jpg,w_037b23f
cd952bf10.jpg,w_d0ce152
cdbe490df.jpg,w_0fb38fe
cdcd5e9d2.jpg,w_2d5dc31
cdd3ed588.jpg,w_5c4c166
cde4ffc7e.jpg,w_0d93517
cdecacb00.jpg,w_bc1519b
ce0965dc1.jpg,w_d2facb4
ce34b4a98.jpg,w_9407749
ce76fb000.jpg,w_d98ba44
ce9994ea4.jpg,w_2362d7f
ce9ff9e3b.jpg,w_d593be8
ceaaa05dc.jpg,w_82d50c5
ceb836a90.jpg,w_988e8ec
cec77e4ba.jpg,w_4ede58b
ced8d643b.jpg,w_621575d
cede35410.jpg,w_9eb6492
ceef1da09.jpg,w_86220e0
cef24e5d6.jpg,w_82ba482
cf0139fdd.jpg,w_a689d7a
cf3f6af9a.jpg,w_974c37d
cf54ab636.jpg,w_ac608c7
cf9db554a.jpg,w_c2524c4
cfd6d8290.jpg,w_b4db669
cfda0fad9.jpg,w_99c484f
cfe956190.jpg,w_a023497
d016a193b.jpg,w_5d2dac8
d02da351b.jpg,w_bdf0447
d03ce514a.jpg,w_8cafcf5
d03fd26c7.jpg,w_d4fc12d
d04c477bc.jpg,w_2ae40f9
d063e1e14.jpg,w_465e27a
d0754cff7.jpg,w_e1c796a
d090d6c9f.jpg,w_6dfc3f1
d0b53b488.jpg,w_71670b3
d0be48c68.jpg,w_60a2820
d0cbb9511.jpg,w_a074110
d0f854b82.jpg,w_57546d7
d0fd4dcb8.jpg,w_ac6aee2
d13f95d3d.jpg,w_262ec5b
d1480b010.jpg,w_740c748
d16824849.jpg,w_82fac51
d17d0b1ca.jpg,w_f3addb7
d18e91c71.jpg,w_aa5d5e3
d1cf56d08.jpg,w_2495755
d2593c417.jpg,w_d13848b
d2765ebf6.jpg,w_db0027e
d2aab1c07.jpg,w_bbdfec9
d2d8babdf.jpg,w_e5d087b
d2dde23b0.jpg,w_e63ea91
d2e6be1e7.jpg,w_c562266
d3252cbf1.jpg,w_b07ec5d
d33cd4ae5.jpg,w_ae924d9
d33f7b2c5.jpg,w_a3d86da
d37a66f0b.jpg,w_c5b80f9
d39553a21.jpg,w_1b4b202
d3967e1df.jpg,w_ffcf5fe
d3f7b5558.jpg,w_fb0c41f
d4147b2b0.jpg,w_210b625
d41c98eec.jpg,w_b02f567
d42219c60.jpg,w_637c73b
d47a0d824.jpg,w_2e4b740
d48b17768.jpg,w_854c18e
d4a0e5cf7.jpg,w_54c535e
d4b29bd8f.jpg,w_5c3f03f
d4f69c66a.jpg,w_b4a7cd2
d4f882ce4.jpg,w_e76dcfe
d4fd0c574.jpg,w_5cf0e37
d503d0c81.jpg,w_ef00141
d510294c0.jpg,w_ebdad2e
d512069c2.jpg,w_6fe3dac
d531498d2.jpg,w_6b41a2c
d53a5dedc.jpg,w_06313c8
d573fb2f6.jpg,w_996dca0
d5b8dfdba.jpg,w_248381e
d5bd8909f.jpg,w_5c85850
d5e83881e.jpg,w_01976db
d6065aae9.jpg,w_b57a7be
d619464a3.jpg,w_d217ab7
d635dbf12.jpg,w_7f4e251
d651cabab.jpg,w_548a268
d661bfa8e.jpg,w_95b6fde
d671fff11.jpg,w_2ef6741
d6f3316f2.jpg,w_f70465f
d6f3cd0f6.jpg,w_fa955f1
d707abd4d.jpg,w_c1b90d1
d7308787d.jpg,w_f7683f6
d74f91f62.jpg,w_83d1ab6
d7593f68f.jpg,w_fa478eb
d75b0622e.jpg,w_b9cfccb
d77fab2fc.jpg,w_4024b54
d797b0096.jpg,w_c5a7b38
d7de58282.jpg,w_d23bd09
d7ee44a3d.jpg,w_8b647d4
d802a3f4b.jpg,w_0f84e7c
d8463f37c.jpg,w_362ebae
d84f7ef60.jpg,w_dee8b12
d8706f60c.jpg,w_c7951e0
d8857d4ac.jpg,w_c1e1867
d89ec398b.jpg,w_d68cf7c
d8a704f7a.jpg,w_5c4f274
d8aacb605.jpg,w_44803e4
d8c43501c.jpg,w_0470377
d92c89097.jpg,w_3132fce
d9371beb4.jpg,w_515bd01
d9551b6ad.jpg,w_8ace2d9
d9766545c.jpg,w_08eadf6
d97d17e0d.jpg,w_3e34e14
d9a60a0ab.jpg,w_0c23936
d9be7ec7b.jpg,w_e732406
d9c57158c.jpg,w_0dd4a5d
d9c73f3da.jpg,w_f2b4c34
d9c906b4c.jpg,w_bad166a
da2fd28f5.jpg,w_66e8565
da706648b.jpg,w_5c2dc82
da8469f0a.jpg,w_719ee7e
dac9e890d.jpg,w_24076b5
dad3da77e.jpg,w_881fca8
db2b12da9.jpg,w_7d02551
db4066c9a.jpg,w_f4a7ad7
db4f42ab2.jpg,w_c6d4cb6
db5f6820e.jpg,w_16fa149
db6308d57.jpg,w_0e325b0
dba8eae48.jpg,w_70a2a2f
dbca6d614.jpg,w_e9605ca
dc0c69853.jpg,w_f382f59
dc26b38ea.jpg,w_9541441
dc566c53b.jpg,w_e486063
dc90048bc.jpg,w_cfe7928
dcb6d5072.jpg,w_d1836e5
dcd75585e.jpg,w_68ae353
dd09c515c.jpg,w_99c4cce
dd14f6ba1.jpg,w_6b3b848
dd1cc32bf.jpg,w_94c3bf0
dd231c005.jpg,w_b423e9b
dd2ec2a06.jpg,w_f121f0c
dd4cfa29f.jpg,w_4ba728f
dd7b33e42.jpg,w_52196e1
dd818c844.jpg,w_6b00c91
dd8b8fab4.jpg,w_6332313
dd90c89bb.jpg,w_4bdd289
dde86ba1c.jpg,w_f00c99d
ddea6b14e.jpg,w_e9a2c15
ddfa288e4.jpg,w_5a696c2
ddfa69c00.jpg,w_878f5ba
de7037e23.jpg,w_358cda3
de8b094b9.jpg,w_da3106e
deac00b33.jpg,w_d953953
ded9fa248.jpg,w_a65abbf
def461357.jpg,w_92eaff4
defdedc77.jpg,w_bfecb74
df03e5730.jpg,w_ff1de02
df2b74b5a.jpg,w_4f717ba
df4bbd82a.jpg,w_ffe8693
dfbcd5e5b.jpg,w_73fe099
dfdb13619.jpg,w_94da1e2
e02890bd5.jpg,w_2f8895a
e03d8f3bb.jpg,w_ab10c70
e04ed07b4.jpg,w_a7ef9a5
e0ac769f1.jpg,w_0cdca97
e0d56e31f.jpg,w_55ed30b
e0df3304b.jpg,w_c2749eb
e17a33da4.jpg,w_655fe84
e1d57f47a.jpg,w_30b577d
e1d879d69.jpg,w_28df1bb
e20c81af9.jpg,w_9b9602c
e24a1a59c.jpg,w_ece94e8
e2b438e6a.jpg,w_5fedd5f
e2ced2cf6.jpg,w_ae8bd64
e2dd4ae11.jpg,w_e2ef16f
e3172da42.jpg,w_ab02160
e31ef8571.jpg,w_628d615
e32365ecf.jpg,w_b1abd47
e34439a45.jpg,w_09c59c2
e34619323.jpg,w_f06a10d
e35b9dabd.jpg,w_1c39fb1
e371b070e.jpg,w_7c26ef7
e38503ef8.jpg,w_f62bcba
e3b09e0c6.jpg,w_db88b61
e41b10a60.jpg,w_7b2e5ce
e427626ca.jpg,w_b2ef717
e44137867.jpg,w_d0589c5
e447fde02.jpg,w_1b6f6dc
e44b6a0fd.jpg,w_bd488f9
e44d9a1e9.jpg,w_d8b4a5d
e46636ebf.jpg,w_6fb7fe9
e4752c06c.jpg,w_7e61174
e48514695.jpg,w_368f8bc
e4b78b549.jpg,w_677be14
e4bea2f07.jpg,w_c5ec693
e58c34a4f.jpg,w_4eb128b
e58d07cb5.jpg,w_efd4d25
e5b761f43.jpg,w_b101c26
e5b9bedc3.jpg,w_5802b33
e5f60803b.jpg,w_55fffeb
e6286a890.jpg,w_9f9f220
e630df353.jpg,w_070036a
e641037f7.jpg,w_4523384
e653fb287.jpg,w_fdd5a35
e65bdf0e8.jpg,w_bb9497e
e68ce992b.jpg,w_05d52d0
e69433d4e.jpg,w_3eabdac
e6b98f6a9.jpg,w_6cb656d
e6c7f02bc.jpg,w_81eb375
e75192a53.jpg,w_81d807a
e77b0e972.jpg,w_8620eca
e7a835e76.jpg,w_ac73445
e7bec80e5.jpg,w_2f9b02c
e7edfbc8f.jpg,w_bc9188e
e83789bec.jpg,w_972e7db
e84858e24.jpg,w_367fb60
e85760f33.jpg,w_1d55e83
e885f1b0a.jpg,w_ea67beb
e88debd93.jpg,w_f8b7f05
e8d1379ff.jpg,w_8d1a7ba
e90ad944e.jpg,w_8ad8cf1
e9121803d.jpg,w_f79ebf3
e9146b5b1.jpg,w_db4284b
e933d91f1.jpg,w_a3dc2bd
e93cca68d.jpg,w_e3ced4e
e944769e1.jpg,w_6e6a6ff
e98522f11.jpg,w_a34d26b
e9a77a550.jpg,w_497efb9
e9afe2a62.jpg,w_a5f74b2
ea205977e.jpg,w_3f8ff7c
ea2631dca.jpg,w_21666ad
ea344cbce.jpg,w_9340ca3
ea65c1684.jpg,w_808d40b
ea7991f5d.jpg,w_536beda
ea7b95817.jpg,w_3e89f09
eaa83e51f.jpg,w_dfc9865
eb1195ab8.jpg,w_45867cd
eb2b191a4.jpg,w_9e52d87
eb773eaa7.jpg,w_9be2d22
eb9eaa9ce.jpg,w_7395388
eba26e5a4.jpg,w_297503e
ebb5580c7.jpg,w_3729146
ebbef1839.jpg,w_245ac74
ebc56d7a6.jpg,w_544128b
ebe8138e9.jpg,w_1220336
ec0e2be47.jpg,w_fd4376a
ec464a3c2.jpg,w_17e8846
ec68fb5b5.jpg,w_421b9de
ec740f766.jpg,w_6f61a8a
ecbfabe4f.jpg,w_450fccf
ecc7378ff.jpg,w_0adb403
ece0db7b3.jpg,w_5652083
ed63c5a52.jpg,w_ec63b66
ed71fbbbc.jpg,w_e738be6
ed77fe8f6.jpg,w_65c24c3
edae2df18.jpg,w_717b048
eddfeba91.jpg,w_94863b7
ee1d4ae95.jpg,w_585fe5b
ee27f3095.jpg,w_171ca39
ee33dbdb8.jpg,w_8dda2f6
ee440171b.jpg,w_692574d
ee6d38970.jpg,w_ecd2318
ee817ee55.jpg,w_ba2bbbb
ee9d31802.jpg,w_e142c82
eebd9d2f6.jpg,w_eccd505
eec0652fe.jpg,w_73c0495
eeea46f35.jpg,w_86918b8
eef72465c.jpg,w_dfd0ae8
ef2e08f19.jpg,w_1579152
ef9bbe79e.jpg,w_e5ad760
efccaa566.jpg,w_068baa8
efe2325c9.jpg,w_effbe89
f06027103.jpg,w_e164857
f083e0dad.jpg,w_0b995e5
f08d7d5dc.jpg,w_c67271f
f0992c72f.jpg,w_da04408
f0eaf52b7.jpg,w_8eec034
f0f331e82.jpg,w_8e04a78
f1078aafb.jpg,w_6640084
f1149e5b1.jpg,w_86b8f3f
f120d131e.jpg,w_a68bac6
f1436ccd0.jpg,w_1ef6c12
f14b154c3.jpg,w_8c6ad69
f178348d0.jpg,w_59f4653
f1a4c1e44.jpg,w_989e081
f1aa96537.jpg,w_fa3a41f
f1abfb654.jpg,w_1d2ed91
f1bf55f6c.jpg,w_d7bfad6
f1d15301e.jpg,w_3bc4a4f
f1dd2dfbb.jpg,w_17ba5e4
f1ddfea69.jpg,w_fcc8a87
f241327bd.jpg,w_c68b887
f244178e4.jpg,w_33eb301
f2759098e.jpg,w_a9a3878
f2a732b63.jpg,w_84dbd14
f2be2c9a0.jpg,w_02e8199
f347de3ce.jpg,w_2ac2bac
f34e57305.jpg,w_b95749b
f36c070eb.jpg,w_344f319
f37ecc728.jpg,w_6579856
f38031ec1.jpg,w_140a9ac
f3c2f5fae.jpg,w_d3582f2
f3d42cc65.jpg,w_89ad73e
f3da08e3e.jpg,w_5037cfd
f3e4adab8.jpg,w_658f76d
f4117015c.jpg,w_c9a569d
f412ecf74.jpg,w_01fc429
f4405821b.jpg,w_298a035
f480f9980.jpg,w_d05fc81
f49347c85.jpg,w_0741282
f499e93b0.jpg,w_a046389
f49d137b0.jpg,w_4126cb1
f4add4879.jpg,w_f854d6b
f52323c48.jpg,w_5fcd8d4
f542c82ab.jpg,w_97d9f33
f599ff96e.jpg,w_d3b48ef
f5e59019f.jpg,w_f10aaf0
f63260d2c.jpg,w_fdd9086
f66808f0d.jpg,w_1d4e949
f6796f497.jpg,w_eacf402
f6b8f1488.jpg,w_122eec1
f6ddbe414.jpg,w_4b2e47b
f6ed4bab6.jpg,w_961b5c4
f6f1964f7.jpg,w_567d88c
f6f8fbecd.jpg,w_b67fcb9
f75d1399a.jpg,w_628a326
f765c748e.jpg,w_41eb3b2
f79037ca9.jpg,w_56fcc39
f7a6693b9.jpg,w_060ec6d
f7ac7d4c9.jpg,w_29e5e8e
f7f5b88a8.jpg,w_14f15a0
f7f6ebf2a.jpg,w_dc9d8ae
f82d64934.jpg,w_31233f8
f8362c830.jpg,w_7aa47a8
f837e0077.jpg,w_e09baaa
f847a3ece.jpg,w_d02f064
f84cc86b2.jpg,w_85d9e99
f85381cbd.jpg,w_3bb142c
f880808ae.jpg,w_cf35076
f8c0141d6.jpg,w_da15e00
f8ccd969e.jpg,w_96deb8b
f8f96a583.jpg,w_353d249
f91c08202.jpg,w_eec4e46
f9295fd75.jpg,w_2f3badb
f93a2f4ef.jpg,w_3ef0017
f93f494bd.jpg,w_afe18e4
f9521db91.jpg,w_988d0aa
f9abf9773.jpg,w_3ea05d5
f9d228a03.jpg,w_7afb40a
f9e34602e.jpg,w_b82d0eb
f9fac83ad.jpg,w_1dff836
fa559474f.jpg,w_25183b8
fa5c50f89.jpg,w_9888ce0
fa74acdd2.jpg,w_5089763
fa7fe2e4f.jpg,w_18ca0f1
fadcbb6fc.jpg,w_4cb61b2
fb03d93b4.jpg,w_c5b8268
fb0d680fd.jpg,w_540ac0a
fb11c4396.jpg,w_bb443aa
fb1bdf286.jpg,w_fc2726b
fb4012b57.jpg,w_11ac036
fb51d887c.jpg,w_ec7242a
fb5712671.jpg,w_0bdb7a5
fb78a3fdf.jpg,w_9e6d17e
fb8f9a182.jpg,w_36ceee6
fb903ae7b.jpg,w_ec4b5d4
fbabfb18c.jpg,w_363a5aa
fbb64a94b.jpg,w_7e5b9da
fbc110384.jpg,w_d92b4c4
fbccc6219.jpg,w_d8ae71c
fbd165c14.jpg,w_d576dff
fc0d3f019.jpg,w_cd1905a
fc33b9693.jpg,w_53d3f73
fc3c3dd2d.jpg,w_063282e
fc519822c.jpg,w_32e705d
fc722c4c3.jpg,w_f353e6a
fc7a6fcce.jpg,w_6cb0480
fc7ad0540.jpg,w_85b3564
fcad28aab.jpg,w_5dc4f38
fd44cd1e2.jpg,w_f0ba4a2
fd826462f.jpg,w_d17d229
fd983a0f6.jpg,w_25b2b3d
fda68dad9.jpg,w_9d49420
fdda50025.jpg,w_29e8496
fdff85974.jpg,w_c0c4587
fe5459be7.jpg,w_d2d7c5d
fe7f50a4c.jpg,w_898f02d
fe856ddcc.jpg,w_8ef82e2
febb18625.jpg,w_6568270
fee74461e.jpg,w_314bc30
ff35271c3.jpg,w_eae8af4
ff38442fa.jpg,w_3e18700
ff39cd828.jpg,w_1a151e5
ff4c780e2.jpg,w_2807565
ffaba39d4.jpg,w_17a108a
fffcde6fe.jpg,w_9f30885
